"IQwrassler",
"Magrowl",
"3RoyalStar1",
"SirEpicPwner",
"Jay Z",
"Seawiz",
"CptJudas",
"___",
"unFearing",
"madcat3050",
"Rick88",
"Therax",
"3RoyalStar1",
"Heavy Money",
"IQwrassler",
"SirEpicPwner",
"Jay Z",
"Seawiz",
"madcat3050",
"CptJudas",
"Therax",
"unFearing",
"GoodTry",
"Kralizec242",
"madcat3050",
"GoodTry",
"dachad",
"unFearing",
"Vindicated",
"Rick88",
"SirEpicPwner",
"3RoyalStar1",
"Heavy Money",
"Seawiz",
"Jay Z",
"flep123",
"Rick88",
"___",
"madcat3050",
"Vindicated",
"dachad",
"unFearing",
"3RoyalStar1",
"Fire Ant",
"SirEpicPwner",
"Jay Z",
"Gryphon Space",
"Seawiz",
"3RoyalStar1",
"Jay Z",
"Gryphon Space",
"Seawiz",
"SirEpicPwner",
"flep123",
"madcat3050",
"Kralizec242",
"Rick88",
"Vindicated",
"___",
"unFearing",
276,
346,
351,
213,
41,
140,
107,
530,
200,
270,
207,
156,
482,
393,
372,
118,
137,
233,
456,
432,
253,
193,
418,
344,
236,
65,
120,
503,
362,
327,
270,
257,
141,
255,
707,
395,
170,
475,
674,
641,
441,
298,
203,
622,
553,
153,
318,
72,
276,
494,
441,
534,
370,
429,
138,
159,
197,
756,
531,
815