IQwrassler,276
Magrowl,346
3RoyalStar1,351
SirEpicPwner,213
Jay Z,41
Seawiz,140
CptJudas,107
___,530
unFearing,200
madcat3050,270
Rick88,207
Therax,156
3RoyalStar1,482
Heavy Money,393
IQwrassler,372
SirEpicPwner,118
Jay Z,137
Seawiz,233
madcat3050,456
CptJudas,432
Therax,253
unFearing,193
GoodTry,418
Kralizec242,344
madcat3050,236
GoodTry,65
dachad,120
unFearing,503
Vindicated,362
Rick88,327
SirEpicPwner,270
3RoyalStar1,257
Heavy Money,141
Seawiz,255
Jay Z,707
flep123,395
Rick88,170
___,475
madcat3050,674
Vindicated,641
dachad,441
unFearing,298
3RoyalStar1,203
Fire Ant,622
SirEpicPwner,553
Jay Z,153
Gryphon Space,318
Seawiz,72
3RoyalStar1,276
Jay Z,494
Gryphon Space,441
Seawiz,534
SirEpicPwner,370
flep123,429
madcat3050,138
Kralizec242,159
Rick88,197
Vindicated,756
___,531
unFearing,815