Match Pilot Name,Kills,Kill Assists,KMDD,Components Destroyed,Damage																									
Kralizec242,1,11,1,4,503																									
GoodTry,4,2,1,6,483																									
unFearing,5,17,3,14,2009																									
Gryphon Space,1,8,2,4,759																									
madcat3050,6,18,6,10,1774																									
3RoyalStar1,2,20,3,7,1569																									
Heavy Money,1,7,0,1,534																									
Fire Ant,3,0,2,5,622																									
Jay Z,2,20,7,4,1532																									
Therax,1,11,1,4,409																									
Seawiz,2,18,3,5,1234																									
CptJudas,0,11,1,2,539																									
dachad,0,6,0,0,561																									
Vindicated,1,9,2,10,1759																									
IQwrassler,2,4,2,3,648																									
Rick88,2,14,1,6,901																									
___,4,14,8,11,1536																									
SirEpicPwner,3,18,3,10,1524																									
flep123,3,7,0,12,824																									
Magrowl,2,3,0,4,346																									
StrikerX22,3,6,1,7,517																									
JFrIend,0,6,0,1,530																									
Feezou,1,11,5,3,1007																									
GIJimmy41,2,7,0,2,951																									
j rock,1,9,1,1,793																									
Ranger Dave,6,12,1,11,1187																									
Sean Kerenskov,3,15,3,7,1235																									
Rhavii,1,8,0,5,829																									
SavaShip,1,5,2,2,579																									
Tasreaper,0,1,0,0,117																									
magicstreets,2,6,0,7,408																									
FailMK,5,10,5,12,1719																									
Punchus,1,19,6,5,1320																									
Delphox12,1,5,1,1,562																									
CAPTAIN DEADPOOL,0,9,2,1,855																									
Quantum Rahl,0,11,3,2,861																									
Wilthanan,6,10,4,14,1542																									
Blacktack,2,6,3,7,758																									
devpty0,0,5,0,0,162																									
Mono Lithian,2,4,0,5,248																									
Cuddlebot 3000,0,10,0,1,572																									
Hatepriest,3,16,6,10,2185																									
Late Start,2,12,2,10,1478																									
Carlson,0,5,2,0,515																									
Metafox,2,15,2,4,812																									
Black Caiman,9,14,5,15,1603																									
Gadolinium64,7,16,8,23,1639																									
War  Daddy,0,8,0,1,529																									
Greyfoxx,2,21,3,2,947																									
snapmech,3,11,2,5,1138																									
R3dRumG33K,1,8,0,2,732																									
Hrunting,0,5,0,0,131																									
Cpt Leprechaun,2,13,5,2,2788																									
Star  Dust,0,14,2,4,954																									
ApostleBerk,3,20,1,8,1513																									
-LightningKats-,4,3,0,7,653																									
Gauss Peeps,2,11,4,7,1676																									
Colonel  David Renard,1,7,2,6,1161																									
Krackerjack837,0,2,0,0,617																									
Shadow Stormer,1,4,3,4,674																									
VaMPHuNT,5,18,5,12,1809																									
Tropico_Thunder,2,13,2,6,870																									
storm bolter,0,2,0,0,433																									
Zigguraut Starhunter,0,1,0,0,143																									
Killer Kellaine,0,0,0,0,142																									
Stunmun,0,1,0,1,310																									
Darkstrand,5,2,2,9,780																									
Red Scorpion01,0,1,0,0,369																									
BlackWing88,3,5,1,3,470																									
T e c h 4 9,2,15,1,5,1111																									
Oper8or,0,2,1,0,1040																									
Hammer 13,4,19,7,8,1941																									
THOR 2-0,4,7,3,7,715																									
Malystryx VoF,4,12,6,4,1309																									
Dr Rainbow,1,0,1,4,1015																									
Paradox42,8,13,3,13,1503																									
Takarias,1,1,0,2,755																									
Evingolis,1,17,3,2,1158																									
Dr Cara Carcass,2,21,5,5,1723																									
Guillocuda,3,6,3,6,1247																									
BryanFerry,1,5,1,4,1142																									
Jump Gunnington,2,8,2,5,879																									
Nisk,2,10,3,5,1719																									
Dubious Squirrel,11,13,5,22,1281																									
MrSpacerat,2,20,5,7,1891																									
Paul Meyers DEST,0,6,0,0,265																									
ResidentCloakingCommie,1,5,1,5,801																									
Duke Nedo,0,18,3,3,1587																									
Rosarius,1,2,1,1,178																									
Ferrous Idaho,0,10,0,1,476																									
Kamikaze Viking,1,10,2,2,1060																									
Jiffy,3,7,1,4,621																									
Windscape,1,1,1,4,441																									
Professional One trick,4,9,3,5,779																									
Samuli Salonen,0,20,3,0,1566																									
Tarogato,0,2,0,0,251																									
Tekkadan Bux,3,14,4,6,1093																									
CarbonFire,2,12,2,7,1433																									
Saikyou,0,5,1,0,288																									
Buster Machine 0,0,7,1,2,1064																									
Xioz,0,10,0,0,597																									
Kiran Yagami,1,18,2,4,1876																									
P A S H A,4,15,5,7,1963																									
Yamete Kudasai Onee-sama,4,17,1,6,1275																									
Nuclear Weapon,1,13,3,2,1188																									
jamesbombed00420,5,8,3,11,732																									
Pls Boku my Pico Onii-Chan UwU,3,10,4,7,1195																									
Navid A1,4,14,2,11,1366																									
bear_cl4w,4,3,4,11,1384																									
I O O percent KongLord,7,23,8,15,2517																									
Bows3r,3,20,3,7,1328																									
pogularchampion,4,24,1,7,1286																									
stoolsoftener,1,7,4,2,934																									
StoneTempleCopilot,0,5,1,0,1047																									
Dr34dn0ugh7,2,4,1,6,808																									
Zelnayga,1,4,1,2,564																									
giggitygiggitygoo,0,4,0,1,480																									
FDLR1150,2,4,0,5,1529																									
ENDMYSUFFERING,1,1,1,4,203																									
Texan Scrub Lord,4,26,5,19,1563																									
J a y,1,7,1,4,1415																									
S Q U E E B S,0,4,0,0,624																									
Stimraug,4,23,10,15,2656																									
Temuedschin40,6,22,3,9,2511																									
Schonnes,2,3,1,5,471																									
Locusts,5,18,4,10,1575																									
DeRanged87,5,15,3,10,1465																									
-A C E-,1,5,1,1,218																									
Mangoba,4,16,7,11,1581																									
cranect,5,10,6,12,1477																									
Gan2441,2,14,3,7,2351																									
Isaiah Kell,1,23,2,3,1338																									
CenterMass,0,19,1,2,979																									
Sailor Jerry,2,10,2,7,999																									
AndiMech,4,12,5,8,2345																									
Arthen00,4,15,6,12,1438																									
Greywulf1,1,14,0,9,1160																									
That Mech,1,14,2,3,1103																									
minist3r,1,9,0,5,953																									
Geckozattack,0,5,0,1,130																									
Vesor,3,6,3,6,1033																									
Brenta,0,1,0,2,396																									
vaultdrifter,0,1,0,0,39																									
FiveDay,5,21,3,11,1880																									
FRO420,0,11,1,2,877																									
Necrofury,2,11,2,5,966																									
J0LLY R0GER,4,17,8,14,2193																									
Floybin,3,22,2,10,1565																									
multiflavoredgum,1,3,0,2,522																									
Crypto OKI,0,14,3,7,1955																									
Psychedelic Dragon Fury,7,17,6,19,1983																									
Raythe 71,4,23,4,13,1627																									
Icetrack,3,21,4,13,1524																									
natethepyro,2,4,1,6,910																									
Zynwynn,0,1,0,0,189																									
Cpt SiLK,1,8,1,4,1086																									
Hey Man Nice Shot,0,5,0,0,91																									
LAHIRE,3,3,3,10,811																									
Lusankya,5,20,6,9,1992																									
Dephylr,2,5,1,4,566																									
Jango  Fett,1,11,0,2,577																									
Morticia Mellian,2,8,1,4,778																									
nuttyrat,2,8,2,2,1134																									
Deadfire,0,0,0,1,715																									
RoA Nitrox,1,2,1,3,280																									
Shaky Snake,1,24,3,5,1582																									
Odin Steele,2,9,2,8,2065																									
DarklightCA,0,6,1,0,1287																									
YUyahoo,2,2,1,4,214																									
justcallme A S H,7,19,9,16,2811																									
Lil Buddy,5,17,4,11,1318																									
Kageru Ikazuchi,0,3,0,1,57																									
T0furk3y,0,5,2,2,623																									
CatznDogz,5,22,3,8,1540																									
DanMechMan,1,9,2,3,1275																									
INVIICTUS,1,20,4,9,1874																									
ASaltyBiscuit,5,17,4,7,1170																									
Schwartz Wolf,3,18,2,6,1873																									
Syso69,4,8,0,6,506																									
Saibot Kerensky,2,12,4,6,1481																									
TheOrphanator,4,15,6,9,1691																									
ForkTheSp00nWrecker,7,12,5,12,1780																									
DireWolf-Tseng,2,16,4,5,1231																									
Sykomatic,1,18,1,4,1604																									
HydroKyle240,3,11,3,5,1125																									
GoodPants,2,17,2,9,1367																									
The Jewce Iz Loose,6,12,6,10,1799																									
Ivor,1,17,1,5,955																									
SlightlyMobileTurret,4,7,5,12,1339																									
JaggedCrane,2,6,1,7,1341																									
Matmoesa,2,10,1,11,1180																									
The Blood Eagle,5,14,5,9,940																									
Throe,5,17,5,11,2108																									
Mossop,0,5,0,2,591																									
50 50,1,4,1,4,1699																									
R1ghty0th3n,0,8,1,2,738																									
The Lurk,2,7,3,5,675																									
slice22358,2,20,4,9,1425																									
Shotgunfist,0,4,0,2,576																									
EmbarRassing,4,18,7,9,1885																									
Smegbot,0,3,0,0,850																									
Gaige Hale,1,4,0,3,271																									
Xoury,3,9,2,4,1236																									
The Lord Weird Slough Feg,1,9,0,1,357																									
Ryder60,2,22,2,12,1642																									
General Saffire,0,6,0,0,316																									
beerions,1,4,0,2,494																									
Davohax,0,7,0,0,677																									
Hotshot29,5,19,6,6,1984																									
JeMaKat,3,4,3,7,1183																									
The Testiclops,5,19,6,6,2214																									
Bakey,5,18,4,14,1495																									
MiniCeleste,2,11,3,8,1370																									
WayOwenZ,5,19,4,13,1736																									
KH Slaine,4,19,3,10,1525																									
Perichrone,0,6,1,2,1047																									
Molachai,0,21,1,2,1422																									
Bawdyknocker,3,8,2,7,986																									
RatbiGo,0,12,0,0,1228																									
ShadowGamer24,3,3,4,8,361																									
Amagibestfox,2,10,4,6,1752																									
CanadianCyrus,0,11,0,0,570																									
mr bear,2,2,1,2,351																									
Plato J,0,5,0,0,174																									
Shaze Darkflame,0,10,2,2,438																									
Lief Kynes,1,12,2,5,903																									
Hiroler_77,1,9,0,1,450																									
Xyco,1,8,1,3,794																									
bLuESeRoS,0,2,0,1,278																									
Jezza86,1,3,0,2,276																									
panzerd18,2,9,2,4,846																									
BloodyHard,0,6,0,0,180																									
IndgoMan,3,7,3,9,939																									
_Samurai_Prince_Jeikobu_Kurita_,2,9,2,6,604																									
Taeryr,4,8,6,13,1616																									
Kurayami88,3,4,2,6,694																									
Yuntow,3,20,6,4,2077																									
07th ZaIn,2,3,2,3,455																									
aserifin,1,5,0,5,673																									
Dithiolium,2,6,1,4,859																									
Zonaron8,6,5,1,14,1321																									
mrbrightsidelah,2,11,3,10,1409																									
Monsoon Cloudburst,2,13,4,6,1551																									
Sorter76,1,5,0,5,373																									
thatoneBALDguy,4,20,5,8,1956																									
-Awesomeguyzzz-,5,19,5,13,1736																									
Thilas,2,22,4,16,1690																									
Potato lobster,0,18,0,1,1082																									
Custom Gaming Chair,9,10,6,16,1831																									
LadyWolfe143,5,20,7,10,1987																									
Rabbid0Squirrel,4,14,4,11,1788																									
MitsuRed,2,22,0,5,752																									
Heavenwarrior,1,17,1,10,1627																									
Leve198777 Thy Potato Pope,4,19,4,6,1240																									
Jormangunder,1,18,3,7,1871																									
Spheroid,2,17,5,4,1654																									
Jon McFuzzy,2,10,3,5,1226																									
Nikoro Doomguard,1,7,1,1,1056																									
Initializr,1,19,3,8,1672																									
steelwater,4,3,0,4,286																									
Capn Cat,2,13,2,6,1672																									
Rathnor1,0,12,2,4,601																									
RJF Daniel,4,15,9,16,1632																									
Pelmeshek,4,15,3,6,1635																									
PeteZonee,2,13,5,8,2529																									
lolbbq,0,2,1,2,695																									
Arnetheus,3,17,2,13,1803																									
Knivezs,3,12,1,8,990																									
Aivazovsky,2,15,3,2,1569																									
noble_rat,2,1,1,2,215																									
Solovey Razbounik,5,15,0,16,1531																									
zelya,0,7,1,2,416																									
zVz,4,8,4,14,1846																									
Amarok_,5,13,6,14,1773																									
Amper 113,0,8,1,1,946																									
Herod,2,18,7,6,2311																									
PrometheusTNO,2,23,3,9,1533																									
Gooodnight,3,10,3,6,827																									
Nostress,3,11,1,6,664																									
Krizalius,2,13,1,5,1841																									
AHAPXYCT,2,11,2,6,897																									
Flynn Hasek,9,16,5,17,1599																									
Shade 03,1,21,1,4,1174																									
Shaman GW,3,19,1,8,1164																									
AweDeus,3,12,5,4,2051																									
Krackerjack837,0,0,0,0,758																									
storm bolter,0,0,0,0,446																									
ilya86,4,20,2,10,1189																									
FiveDay,4,21,7,14,1845																									
Eon Graywolf,0,0,0,0,441																									
Killer Kellaine,0,0,0,0,309																									
Stunmun,0,0,0,0,675																									
Red Scorpion01,0,0,0,0,737																									
J0LLY R0GER,7,19,2,16,1686																									
Floybin,2,16,3,7,1343																									
Raythe 71,10,17,9,19,2216																									
sharpendlily,3,21,7,4,1464																									
INVIICTUS,1,13,2,5,1280																									
ASaltyBiscuit,0,15,2,3,1000																									
Schwartz Wolf,1,13,3,4,1915																									
Metafox,1,5,3,2,649																									
Black Caiman,5,19,2,8,1271																									
Gadolinium64,3,19,6,9,1369																									
Flame Hore,0,1,0,4,756																									
kawaiiChiimera,2,12,3,6,886																									
ForkTheSp00nWrecker,10,4,5,17,1531																									
NinjaFusion,2,13,3,6,794																									
Greyfoxx,2,23,4,6,929																									
Sykomatic,1,12,1,3,1216																									
Hrunting,1,7,0,1,332																									
Star  Dust,4,9,3,6,463																									
ApostleBerk,5,17,4,11,1467																									
Locusts,6,22,5,13,2146																									
-A C E-,0,6,0,0,368																									
DeRanged87,3,19,1,6,1593																									
Hotshot29,2,12,2,4,1815																									
Mangoba,6,16,6,15,2245																									
The Testiclops,1,13,5,3,2014																									
Bakey,4,10,0,6,1218																									
Isaiah Kell,0,12,0,0,567																									
CenterMass,4,23,6,11,1862																									
Sailor Jerry,1,21,3,5,1529																									
WayOwenZ,1,13,0,4,1408																									
KH Slaine,3,10,4,8,1730																									
Molachai,2,12,3,4,1071																									
Arthen00,3,13,4,8,833																									
Geckozattack,4,7,3,11,827																									
Nemesis357,4,19,3,9,1153																									
Sevronis,1,21,5,7,1330																									
CanadianCyrus,2,5,1,4,734																									
Katastrophy Kid,6,19,7,13,2046																									
BlueDevilspawn,1,19,3,4,771																									
Plato J,1,1,1,4,770																									
Shaze Darkflame,1,12,1,2,1055																									
Jaiddin,0,1,0,0,99																									
SirHavan,0,23,2,1,703																									
Lief Kynes,0,11,1,1,618																									
Hiroler_77,0,6,2,0,1001																									
LordSkyKnight,9,15,5,15,1590																									
IndgoMan,1,11,3,4,794																									
_Samurai_Prince_Jeikobu_Kurita_,0,6,0,0,416																									
Taeryr,4,10,3,7,1396																									
Sorter76,5,3,2,6,1395																									
Titus Q,0,1,0,1,138																									
thatoneBALDguy,0,5,1,1,239																									
Leve198777 Thy Potato Pope,4,2,1,5,306																									
Flynn Hasek,0,1,0,0,93																									
PrometheusTNO,1,0,0,1,167																									
Amarok_,0,1,1,1,276																									
LadyWolfe143,1,5,3,2,371																									
Shade 03,0,1,0,0,165																									
-Awesomeguyzzz-,0,6,1,1,209																									
MitsuRed,1,5,0,4,179																									
Gooodnight,0,1,0,0,186																									
Thilas,0,6,0,0,194																									
StuffYouFear,5,6,2,10,949																									
ResidentCloakingCommie,2,7,2,6,1031																									
Guillocuda,1,11,1,2,1171																									
Belorion,1,5,0,2,207																									
Jump Gunnington,0,12,2,3,550																									
bailian,1,5,2,2,335																									
Alex545,8,15,4,13,1810																									
Nisk,1,11,1,7,972																									
Rosarius,0,6,1,0,199																									
ArkonEnt,1,14,0,4,660																									
Ferrous Idaho,6,15,1,9,940																									
Zuul the Burninator,3,18,5,9,1986																									
Calon Farstar,0,4,1,0,118																									
Kamikaze Viking,2,10,5,7,1131																									
Not Bob,1,22,5,7,1986																									
Revostae,2,9,3,6,789																									
Takarias,1,9,1,4,821																									
kodiakbs,0,3,0,1,224																									
Hibbety Jibbety Hoo Hah,4,6,1,4,680																									
The Legend of Kelda,1,12,3,2,884																									
BryanFerry,4,11,5,8,2032																									
Kiran Yagami,2,19,1,3,1058																									
Arnetheus,1,5,1,3,902																									
RJF Daniel,7,4,4,10,1679																									
Initializr,0,5,0,0,547																									
Jiffy,1,13,2,1,828																									
Saikyou,1,5,2,1,392																									
whatever it takes,1,6,2,2,523																									
P A S H A,7,16,4,18,1819																									
WhiteEyas,0,8,1,11,992																									
Tarogato,0,9,2,0,277																									
WeaponMasterX,0,10,1,3,823																									
Aivazovsky,0,3,2,4,993																									
noble_rat,0,5,0,2,247																									
bear_cl4w,7,18,7,14,2268																									
Windscape,3,3,1,6,383																									
Pelmeshek,0,4,0,3,953																									
Solovey Razbounik,2,5,1,4,517																									
Navid A1,6,16,7,13,2081																									
Samuli Salonen,3,3,2,7,1210																									
Professional One trick,0,6,1,0,826																									
Stimraug,2,22,8,4,2614																									
Tekkadan Bux,0,3,1,3,1182																									
CarbonFire,1,5,1,1,1208																									
I O O percent KongLord,4,21,3,9,1635																									
Temuedschin40,3,25,10,9,2716																									
Yamete Kudasai Onee-sama,2,4,0,8,1752																									
jamesbombed00420,1,4,0,9,812																									
Pls Boku my Pico Onii-Chan UwU,0,8,3,0,1712																									
Bows3r,7,20,5,17,2138																									
Texan Scrub Lord,5,21,3,16,1782																									
pogularchampion,5,18,0,12,1099																									
Vesor,1,5,0,2,867																									
Shadow Stormer,3,7,2,5,922																									
VaMPHuNT,1,14,3,7,1688																									
Tropico_Thunder,4,14,4,7,1237																									
Darkstrand,7,14,4,11,1661																									
FRO420,0,2,0,2,929																									
Necrofury,1,6,1,2,1555																									
T e c h 4 9,0,10,0,1,351																									
Crypto OKI,0,0,0,0,213																									
Hammer 13,3,19,3,12,1490																									
THOR 2-0,3,12,1,5,704																									
Gadbury,0,5,0,0,252																									
Malystryx VoF,2,13,8,6,1932																									
natethepyro,0,0,0,1,609																									
Zynwynn,0,1,0,0,142																									
Cpt SiLK,1,5,1,2,842																									
Chatty,5,13,5,8,1572																									
Hey Man Nice Shot,1,5,1,3,649																									
LAHIRE,2,3,4,9,1766																									
Lusankya,3,21,3,5,1567																									
Jango  Fett,3,15,2,5,1095																									
Potato lobster,1,15,1,4,1045																									
KingJ00,0,6,0,0,193																									
Custom Gaming Chair,4,13,7,14,1956																									
Rabbid0Squirrel,8,8,3,18,1871																									
Heavenwarrior,2,15,2,7,1391																									
Spectre29th,0,1,0,0,128																									
Shaky Snake,2,21,2,6,1556																									
justcallme A S H,6,20,15,19,3551																									
Lil Buddy,6,17,3,16,1600																									
CatznDogz,2,6,1,6,859																									
DanMechMan,1,18,0,3,979																									
Jormangunder,0,17,3,4,1758																									
Spheroid,1,15,1,5,1858																									
Kralizec242,1,0,0,1,251																									
unFearing,2,13,1,3,1597																									
Chass3ur,0,2,0,0,157																									
madcat3050,4,11,4,10,1620																									
Itsalrightwithme,0,4,0,0,215																									
Syso69,5,9,5,10,1112																									
Saibot Kerensky,3,15,3,10,1794																									
Therax,1,7,2,5,1161																									
dachad,2,4,1,2,451																									
Vindicated,4,6,2,8,1231																									
Rick88,0,14,1,0,565																									
HydroKyle240,2,17,4,6,1837																									
GoodPants,1,16,0,4,986																									
___,1,11,6,4,1364																									
The Jewce Iz Loose,4,14,3,9,2066																									
Ivor,4,12,4,6,1087																									
Wobbly,2,17,2,13,1790																									
Monsoon Cloudburst,1,11,2,5,1486																									
R1ghty0th3n,3,17,4,11,1593																									
Amagibestfox,0,11,2,2,1399																									
mr bear,0,4,1,2,537																									
Matmoesa,0,24,2,2,1446																									
Dithiolium,2,10,3,10,1972																									
Xyco,1,5,0,5,686																									
Smegbot,2,20,6,9,2007																									
50 50,4,8,4,9,1303																									
LeadPiranha,1,1,0,3,310																									
The Lurk,3,14,3,9,1311																									
Kurayami88,4,8,4,6,1883																									
mrbrightsidelah,0,5,0,0,514																									
Shotgunfist,9,16,4,17,1909																									
Gan2441,1,11,1,4,1369																									
cranect,3,8,2,5,998																									
Evingolis,3,7,2,6,965																									
That Mech,2,11,2,7,1643																									
Duke Nedo,4,18,7,11,1847																									
AndiMech,2,11,5,4,2292																									
Greywulf1,2,9,0,2,498																									
Painsucker,2,21,3,7,961																									
Dr Cara Carcass,10,13,6,16,2099																									
minist3r,3,10,3,9,1117																									
MrSpacerat,3,20,2,12,2399																									
Paul Meyers DEST,1,5,0,5,470																									
JohnyBlack,1,20,4,7,1465																									
ChummerHB,0,5,0,0,262																									
Sean Kerenskov,0,5,1,1,1131																									
The Blood Eagle,6,17,2,12,1044																									
Hatepriest,0,5,1,5,2481																									
CAPTAIN DEADPOOL,1,2,1,2,225																									
Cuddlebot 3000,0,5,0,1,619																									
Xoury,4,6,3,7,1025																									
Explorer,1,11,0,1,169																									
Ryder60,3,26,7,9,1993																									
Gaige Hale,0,3,1,0,244																									
Ranger Dave,2,3,1,2,524																									
Tasreaper,0,2,0,0,236																									
Wilthanan,2,1,1,5,611																									
slice22358,6,23,3,14,1448																									
Throe,3,21,4,6,2259																									
Stewn,0,2,0,1,974																									
EmbarRassing,6,18,9,19,2009																									
richardkxt,0,6,1,0,460																									
Poly Cat,9,16,5,25,1912																									
stoolsoftener,1,4,3,3,1098																									
Dr34dn0ugh7,2,6,1,4,743																									
StoneTempleCopilot,0,2,0,1,584																									
GROLSCH,2,19,5,4,1769																									
Zelnayga,0,8,0,0,601																									
giggitygiggitygoo,1,9,3,4,1580																									
TheUltimateGhost,1,13,1,6,719																									
Ghogiel,5,23,2,6,1619																									
GeeRam,3,18,4,6,1823																									
ENDMYSUFFERING,1,3,0,3,325																									
S Q U E E B S,0,2,0,2,860																									
J a y,2,8,2,5,834																									
Krasnopesky,4,17,3,7,1016																									
Neil Diamond,0,4,1,0,282																									
D A T A,5,22,9,19,2523																									
Schonnes,1,1,0,1,269																									
LaGaul,3,9,2,12,1222																									
Gryphon Space,1,16,1,8,698																									
3RoyalStar1,3,21,2,8,1381																									
Heavy Money,0,6,0,0,445																									
Fire Ant,3,9,2,5,615																									
Gas Guzzler,3,13,2,11,1663																									
Jay Z,8,16,9,10,2029																									
Seawiz,0,13,4,3,1279																									
snapmech,0,4,0,0,275																									
Micheal Hessek,0,1,0,0,125																									
IQwrassler,2,10,1,3,460																									
R3dRumG33K,0,7,1,2,755																									
Cpt Leprechaun,3,13,6,10,2212																									
SirEpicPwner,5,20,4,13,1809																									
-LightningKats-,2,3,2,5,710																									
Gauss Peeps,1,13,2,2,1358																									
flep123,2,10,3,6,1062																									
Colonel  David Renard,3,11,1,5,1256																									
Gryphon Space,0,7,1,4,701																									
Carlson,0,8,1,2,429																									
Metafox,0,6,1,0,367																									
3RoyalStar1,8,15,4,13,1746																									
Heavy Money,0,5,0,1,95																									
Black Caiman,8,12,5,11,1445																									
Gadolinium64,6,17,6,14,1651																									
Fire Ant,3,7,2,7,788																									
Jay Z,3,19,4,3,1941																									
NinjaFusion,2,5,4,4,753																									
Greyfoxx,2,18,4,8,1522																									
Seawiz,1,22,0,3,1267																									
IQwrassler,0,4,1,3,411																									
Hrunting,0,1,0,0,72																									
Star  Dust,0,19,0,0,561																									
SirEpicPwner,5,17,6,14,1923																									
ApostleBerk,2,21,2,5,1224																									
flep123,0,8,4,2,622																									
Magrowl,0,6,1,3,717																									
Kralizec242,1,5,0,6,389																									
INVIICTUS,1,9,1,3,2067																									
unFearing,7,23,6,13,2134																									
ASaltyBiscuit,1,11,2,7,1327																									
madcat3050,5,24,4,15,1954																									
Schwartz Wolf,0,11,2,5,1215																									
Butter Boy,3,8,0,6,1160																									
kawaiiChiimera,2,10,2,4,1611																									
ForkTheSp00nWrecker,4,8,5,9,1351																									
Therax,4,20,6,11,1755																									
CptJudas,1,22,2,3,1036																									
Vindicated,0,11,2,4,811																									
Rick88,9,18,5,16,1572																									
___,3,20,5,6,1600																									
Monsoon Cloudburst,7,22,7,12,2511																									
Amagibestfox,4,12,4,15,1635																									
mr bear,1,16,5,4,1461																									
Sean Kerenskov,0,7,1,2,1234																									
Dithiolium,6,18,7,14,1896																									
Cuddlebot 3000,1,5,0,2,766																									
LeadPiranha,2,19,3,9,1412																									
aserifin,2,21,0,3,725																									
Jezza86,0,10,2,1,563																									
Tasreaper,0,6,0,1,338																									
Ranger Dave,1,5,1,1,794																									
Wilthanan,1,6,4,4,1479																									
Kurayami88,7,21,2,11,1521																									
Punchus,0,3,0,0,172																									
Stewn,2,2,1,7,1147																									
Odin Steele,1,5,0,4,1056																									
YUyahoo,2,2,1,9,816																									
Dephylr,0,5,1,1,646																									
Kageru Ikazuchi,1,2,1,4,840																									
Thilas,3,18,3,4,1046																									
I LOVE ANNIHILATORS,5,11,3,7,1576																									
-Awesomeguyzzz-,4,21,2,7,1049																									
MitsuRed,2,19,3,5,918																									
nuttyrat,0,5,0,0,992																									
thatoneBALDguy,3,25,8,13,2387																									
DarklightCA,2,4,4,6,1704																									
Morticia Mellian,0,4,0,0,471																									
T0furk3y,1,7,1,6,1378																									
Ragnar Stormfang,5,21,5,13,1144																									
alphieus,4,7,4,8,1048																									
Leve198777 Thy Potato Pope,3,7,2,6,968																									
ArkonEnt,0,9,2,3,829																									
StuffYouFear,1,5,0,2,241																									
Calon Farstar,2,4,0,3,168																									
Revostae,1,5,0,2,321																									
cranect,0,2,0,2,587																									
kodiakbs,1,5,3,3,304																									
Alex545,1,4,2,2,377																									
Gan2441,0,3,0,1,872																									
M E M E M A C H I N E,2,9,0,3,491																									
Ktula Matata,0,10,0,2,316																									
4A 4F 54 41,3,3,0,6,238																									
The Legend of Kelda,3,8,1,7,604																									
Not Bob,3,14,8,7,1678																									
Zuul the Burninator,0,6,2,0,479																									
AndiMech,0,3,1,0,1163																									
LuisMech,0,1,0,1,284																									
Greywulf1,1,1,0,1,493																									
That Mech,2,1,2,2,884																									
minist3r,0,1,0,3,422																									
I O O percent KongLord,7,23,6,14,2051																									
Bows3r,6,22,6,18,2562																									
pogularchampion,2,26,1,7,1167																									
StasRn,0,0,0,0,257																									
Initializr,0,2,0,1,844																									
Texan Scrub Lord,2,25,3,12,1638																									
WhiteEyas,0,3,2,4,1029																									
Stimraug,7,22,7,16,1890																									
RJF Daniel,0,4,1,1,1404																									
Pelmeshek,1,3,0,2,877																									
Arnetheus,2,2,0,7,1613																									
Temuedschin40,4,22,7,4,1767																									
noble_rat,0,2,1,0,238																									
Solovey Razbounik,0,4,0,1,1471																									
falcon2b1,0,1,1,1,913																									
Evingolis,2,16,7,3,1792																									
Duke Nedo,3,13,0,5,797																									
The Testiclops,1,2,0,6,1566																									
KH Slaine,0,3,0,0,919																									
Hotshot29,0,2,0,0,268																									
charbdys,0,2,1,0,420																									
Painsucker,4,22,3,7,1274																									
Dr Cara Carcass,6,21,6,20,2056																									
Dubious Squirrel,6,23,4,11,1409																									
MrSpacerat,4,25,7,14,2346																									
Molachai,0,3,0,3,912																									
Paul Meyers DEST,3,8,1,5,669																									
WayOwenZ,1,2,1,5,1025																									
ChummerHB,1,10,2,2,630																									
General Saffire,0,0,0,0,348																									
MyriadDigits,2,5,1,5,1742																									
Davohax,0,0,0,1,601																									
Locusts,3,23,4,8,1841																									
DeRanged87,4,23,4,11,1776																									
-A C E-,5,11,4,16,1107																									
Mangoba,3,15,1,6,779																									
JeMaKat,0,1,0,0,522																									
MiniCeleste,0,6,2,3,741																									
Sailor Jerry,1,14,6,4,1556																									
CenterMass,2,14,2,4,1041																									
Perichrone,0,6,2,1,601																									
Arthen00,3,13,3,7,1543																									
AnniMattR,3,7,2,13,827																									
Bawdyknocker,0,6,1,3,1196																									
RatbiGo,3,4,0,6,1392																									
ShadowGamer24,2,5,1,5,740																									
Geckozattack,4,7,2,8,782																									
Saibot Kerensky,0,4,1,1,271																									
B l i t z,0,0,0,0,149																									
R3dRumG33K,0,0,0,0,27																									
HydroKyle240,1,2,1,3,246																									
GoodPants,0,4,0,0,133																									
Natred,2,2,1,3,253																									
-LightningKats-,0,0,0,0,186																									
Gauss Peeps,0,0,0,0,198																									
Ivor,1,3,1,1,223																									
The Jewce Iz Loose,0,4,0,0,160																									
Jon McFuzzy,1,8,3,1,1287																									
Nikoro Doomguard,5,8,3,9,1295																									
Windscape,1,5,2,1,371																									
dario03,4,7,3,5,726																									
Yorshka,3,5,3,4,1114																									
Xioz,1,13,0,4,880																									
steelwater,0,15,0,1,728																									
Capn Cat,3,13,4,4,1760																									
Rathnor1,4,9,2,7,1196																									
bear_cl4w,4,19,5,8,1923																									
Kiran Yagami,2,19,5,5,1838																									
WeaponMasterX,3,16,3,4,1198																									
PeteZonee,0,16,1,5,1550																									
Jiffy,4,20,5,8,2088																									
Navid A1,7,17,3,16,1632																									
IItsAJAckal,2,7,3,2,1877																									
Shadow Stormer,1,5,1,8,586																									
VaMPHuNT,3,13,6,5,1407																									
Tropico_Thunder,3,17,2,11,1142																									
FiveDay,2,9,3,6,1344																									
ilya86,1,9,2,5,1419																									
Goin2far,0,7,0,3,934																									
T e c h 4 9,5,20,5,10,1759																									
Floybin,3,7,2,7,1506																									
Hammer 13,6,17,2,16,2151																									
Icetrack,3,8,1,10,1043																									
THOR 2-0,1,14,0,1,604																									
Gadbury,0,7,1,1,431																									
Malystryx VoF,5,22,10,13,2715																									
Chatty,3,13,2,4,849																									
zudukai,6,16,4,11,1986																									
Amarok_,0,12,5,0,1056																									
Potato lobster,2,14,1,4,917																									
HYG,1,11,1,2,578																									
Custom Gaming Chair,3,9,3,8,1383																									
Herod,2,14,9,8,2125																									
PrometheusTNO,2,8,0,4,410																									
Rabbid0Squirrel,4,6,2,9,1386																									
Heavenwarrior,2,9,4,4,1801																									
Gooodnight,2,13,0,4,1025																									
Spectre29th,1,6,0,4,317																									
Titus Q,0,15,1,2,736																									
Flynn Hasek,4,12,1,5,641																									
Shade 03,5,15,2,10,1467																									
Jormangunder,0,16,2,4,1526																									
Spheroid,3,13,5,7,1738																									
Poly Cat,3,22,1,5,1049																									
Ghogiel,2,14,2,3,934																									
DargorA7X,7,21,8,15,2395																									
Tekkadan Bux,1,4,0,14,1463																									
GeeRam,7,22,7,18,2367																									
Samuli Salonen,2,6,2,9,1736																									
Professional One trick,0,2,0,2,860																									
misanthrop0815,0,11,1,1,856																									
jamesbombed00420,1,2,0,1,89																									
Tiy0s,0,5,1,1,1060																									
Krasnopesky,9,20,4,20,2363																									
Pls Boku my Pico Onii-Chan UwU,3,6,4,6,1987																									
CarbonFire,0,6,0,3,1001																									
Yamete Kudasai Onee-sama,2,6,2,5,1433																									
D A T A,2,21,7,6,2017																									
StrikerX22,0,4,1,1,911																									
The Blood Eagle,3,22,6,13,2120																									
SavaShip,0,6,1,0,424																									
devpty0,0,1,0,0,163																									
Xoury,4,8,3,8,897																									
GIJimmy41,0,4,0,2,555																									
Explorer,1,3,0,2,222																									
Surn,4,11,2,13,1528																									
Itche,0,2,0,0,164																									
Ryder60,4,14,6,9,1731																									
JFrIend,0,2,0,0,345																									
j rock,0,2,0,0,325																									
Throe,3,23,6,7,2513																									
slice22358,2,23,1,10,1734																									
Blacktack,2,3,3,3,387																									
Delphox12,3,3,0,8,295																									
Rhavii,0,10,2,2,1864																									
Mono Lithian,0,6,0,0,33																									
Feezou,5,5,3,9,1607																									
EmbarRassing,5,22,4,12,1688																									
SlightlyMobileTurret,2,13,7,8,2032																									
JaggedCrane,2,11,2,3,966																									
Nemesis357,1,11,4,5,641																									
Sevronis,2,18,3,4,893																									
50 50,1,6,1,4,776																									
Katastrophy Kid,3,10,3,7,726																									
The Lurk,3,5,1,3,735																									
BlueDevilspawn,2,19,2,3,1317																									
Griffster,1,8,1,1,438																									
Shotgunfist,5,12,4,15,1339																									
SirHavan,2,14,3,5,716																									
freeriderau,6,17,4,16,1835																									
Wobbly,2,19,2,3,1644																									
LordSkyKnight,7,7,3,18,1961																									
Smegbot,1,16,2,3,1187																									
OutlawHunter,0,3,0,0,121																									
Verenix,2,5,3,3,1142																									
KingJ00,1,0,1,2,188																									
zelya,2,0,2,4,827																									
Monk Gyatso,0,6,0,0,497																									
Shaky Snake,1,11,2,5,1009																									
Lil Buddy,3,14,1,8,1318																									
DanMechMan,1,6,3,4,1049																									
Jango  Fett,3,10,3,7,877																									
CatznDogz,2,9,1,6,681																									
Krizalius,0,1,0,1,925																									
justcallme A S H,5,14,8,13,2657																									
AweDeus,0,2,0,2,1323																									
AHAPXYCT,0,2,0,0,928																									
Lusankya,4,9,1,5,640																									
Kralizec242,0,9,1,0,553																									
LaGaul,1,2,0,2,192																									
unFearing,6,18,9,21,2609																									
madcat3050,4,16,5,7,1447																									
Gas Guzzler,0,8,0,2,1147																									
Therax,2,18,3,9,1704																									
snapmech,0,4,0,0,92																									
CptJudas,1,11,0,3,805																									
dachad,1,5,0,2,238																									
Vindicated,0,13,0,1,876																									
Rick88,10,12,5,18,1251																									
R3dRumG33K,2,4,2,3,645																									
Cpt Leprechaun,1,7,4,6,2737																									
___,4,15,5,7,1282																									
Gauss Peeps,5,4,1,9,1439																									
Colonel  David Renard,0,8,2,3,1392																									
Schonnes,3,16,1,5,804																									
Samuli Salonen,2,18,6,5,1839																									
Dr34dn0ugh7,3,15,5,8,1354																									
Tekkadan Bux,2,19,4,6,2055																									
CarbonFire,4,15,4,13,2313																									
ENDMYSUFFERING,7,13,2,11,1387																									
Buster Machine 0,6,10,5,14,2114																									
FDLR1150,1,20,4,3,1596																									
J a y,3,17,8,7,1779																									
Zelnayga,4,12,1,8,991																									
Yamete Kudasai Onee-sama,3,15,1,11,1224																									
jamesbombed00420,3,8,1,7,720																									
Pls Boku my Pico Onii-Chan UwU,2,10,1,7,800																									
Neil Diamond,0,1,0,1,35																									
Monsoon Cloudburst,2,13,4,8,1731																									
Amagibestfox,2,11,2,6,1999																									
StrikerX22,2,7,1,4,867																									
Dithiolium,6,8,3,9,1620																									
LeadPiranha,3,5,3,14,974																									
GIJimmy41,2,15,2,8,1670																									
JFrIend,1,12,0,2,380																									
aserifin,0,6,0,0,577																									
Jezza86,0,6,1,2,600																									
FailMK,2,12,4,4,1509																									
j rock,0,12,1,8,805																									
BloodyHard,0,7,0,1,800																									
bLuESeRoS,0,2,0,0,334																									
Blacktack,1,14,5,3,1263																									
Kurayami88,0,11,2,3,1052																									
Delphox12,1,5,0,2,287																									
Rhavii,3,6,2,5,586																									
Quantum Rahl,1,6,1,4,782																									
Feezou,7,5,5,11,2084																									
Not Bob,7,4,3,13,1131																									
Zuul the Burninator,2,7,3,4,1077																									
falcon2b1,0,3,0,0,191																									
The Legend of Kelda,3,8,4,5,793																									
Bakey,1,7,1,3,467																									
StuffYouFear,0,8,0,1,129																									
The Testiclops,5,5,7,10,1247																									
KH Slaine,0,7,0,0,773																									
ArkonEnt,0,5,0,0,414																									
charbdys,1,9,0,5,687																									
Alex545,0,12,2,4,955																									
Molachai,2,3,1,3,430																									
kodiakbs,0,6,0,1,176																									
WayOwenZ,1,9,1,3,697																									
INVIICTUS,0,5,0,1,889																									
Gryphon Space,1,11,2,3,655																									
Schwartz Wolf,1,5,1,1,1061																									
3RoyalStar1,4,23,4,9,1343																									
Heavy Money,2,16,2,2,944																									
Fire Ant,2,8,2,8,593																									
Flame Hore,0,0,0,0,44																									
kawaiiChiimera,0,4,0,1,653																									
TheOrphanator,0,6,2,1,1183																									
Jay Z,10,17,4,16,1980																									
ForkTheSp00nWrecker,2,4,1,7,1413																									
Seawiz,3,21,5,6,1534																									
Sykomatic,3,2,2,6,1054																									
SirEpicPwner,7,21,9,16,2450																									
Magrowl,1,8,2,3,731																									
General Saffire,0,0,0,0,35																									
Davohax,0,0,0,0,95																									
Paradox42,2,4,1,5,387																									
trans catgirl,0,0,0,4,459																									
Evingolis,0,6,0,2,402																									
Dr Cara Carcass,1,10,4,6,734																									
JeMaKat,0,0,0,0,369																									
JohnyBlack,1,4,1,2,251																									
MrSpacerat,5,6,2,9,761																									
Paul Meyers DEST,1,7,0,3,349																									
ChummerHB,0,6,1,1,243																									
Duke Nedo,2,4,3,2,557																									
Bawdyknocker,0,1,1,0,284																									
RatbiGo,0,0,0,0,495																									
ShadowGamer24,1,0,0,2,363																									
D A T A,2,17,5,5,2071																									
Poly Cat,5,14,1,13,1279																									
Arnetheus,2,13,4,7,2045																									
RJF Daniel,6,11,7,11,2200																									
Initializr,0,15,1,2,1228																									
WhiteEyas,2,14,1,5,1165																									
GROLSCH,0,10,5,3,1004																									
GeeRam,0,9,2,1,945																									
Bacon_Lord,0,1,0,0,124																									
TheUltimateGhost,2,10,3,3,854																									
noble_rat,0,5,0,0,268																									
misanthrop0815,0,4,1,1,287																									
Temporary Axis,1,0,1,4,142																									
Ghogiel,7,13,2,16,1454																									
Solovey Razbounik,5,9,4,13,1352																									
Pelmeshek,2,9,0,5,902																									
DargorA7X,2,18,2,4,1899																									
Devastis,1,6,0,1,431																									
cranect,6,7,4,14,1628																									
Guillocuda,1,17,2,3,959																									
BryanFerry,3,15,3,7,1149																									
Gan2441,3,23,4,7,1222																									
Nisk,2,13,5,4,1044																									
ResidentCloakingCommie,5,3,2,9,643																									
AndiMech,0,25,4,6,1982																									
Greywulf1,0,15,2,0,797																									
That Mech,4,20,6,10,2254																									
Rosarius,1,5,1,3,317																									
minist3r,7,13,4,15,1776																									
HellsDog,3,13,2,3,1327																									
Ferrous Idaho,4,15,3,9,1272																									
Kamikaze Viking,0,18,4,5,1435																									
Ragnar Stormfang,0,3,0,1,123																									
Carlson,0,7,0,1,270																									
Black Caiman,0,18,2,1,1291																									
PepsiGoose,2,4,1,4,663																									
Saibot Kerensky,1,13,2,4,1569																									
Gadolinium64,7,11,3,14,1245																									
NinjaFusion,1,8,3,7,846																									
Greyfoxx,5,14,4,9,1607																									
HydroKyle240,9,5,4,18,2048																									
Star  Dust,1,10,0,4,723																									
GoodPants,2,12,1,4,1589																									
ApostleBerk,2,14,6,7,1740																									
Ivor,1,11,6,7,1441																									
The Jewce Iz Loose,2,11,2,8,1820																									
I O O percent KongLord,4,25,4,10,1788																									
Jon McFuzzy,2,6,1,5,1409																									
Bows3r,5,13,4,11,1441																									
pogularchampion,2,19,3,6,1188																									
Nikoro Doomguard,1,5,2,3,920																									
Sep,1,4,1,3,250																									
Yorshka,1,6,2,1,1291																									
steelwater,3,5,0,6,713																									
Rathnor1,0,3,0,0,352																									
Texan Scrub Lord,6,19,4,9,1466																									
Stimraug,5,17,4,11,1919																									
PeteZonee,0,6,3,6,1513																									
lolbbq,1,3,0,1,544																									
Temuedschin40,6,21,10,12,2993																									
Vesor,0,2,0,0,513																									
Brenta,0,4,0,5,1364																									
vaultdrifter,0,7,0,1,298																									
BogartTheStingy,1,5,1,1,227																									
FiveDay,3,19,6,6,2392																									
ilya86,1,6,1,7,708																									
Necrofury,1,9,1,4,1336																									
FRO420,0,2,0,2,443																									
Goin2far,0,15,3,4,1315																									
Floybin,4,17,1,10,1683																									
multiflavoredgum,1,7,1,3,858																									
Crypto OKI,2,10,7,10,1875																									
Psychedelic Dragon Fury,4,15,5,17,1938																									
sharpendlily,9,14,5,22,1827																									
Icetrack,4,16,4,12,1384																									
natethepyro,0,4,0,1,508																									
Cpt SiLK,4,5,2,6,1096																									
Lusankya,5,20,1,20,1717																									
Amarok_,3,12,1,9,1484																									
KingJ00,6,14,1,11,893																									
PrometheusTNO,4,10,5,12,1970																									
Gooodnight,0,7,0,0,339																									
Shaky Snake,3,23,4,8,1567																									
Monk Gyatso,2,12,3,8,1571																									
Titus Q,1,9,0,4,741																									
justcallme A S H,7,20,15,12,3889																									
Lil Buddy,1,17,2,6,1006																									
Flynn Hasek,5,10,4,7,1401																									
Shade 03,1,14,3,3,1660																									
Shaman GW,1,10,2,3,1029																									
DanMechMan,2,17,1,4,897																									
Ranger Dave,1,1,0,5,1259																									
Sean Kerenskov,2,2,2,7,1164																									
Sevronis,1,26,4,10,1775																									
Katastrophy Kid,6,22,7,11,2248																									
Tasreaper,0,1,0,2,367																									
BlueDevilspawn,7,18,4,8,1639																									
Stewn,1,3,1,4,1347																									
Punchus,0,3,0,1,418																									
Griffster,2,6,0,3,429																									
LordSkyKnight,6,18,9,12,2050																									
Wilthanan,0,1,0,2,871																									
OutlawHunter,1,11,1,1,472																									
Cuddlebot 3000,0,3,0,0,428																									
Hatepriest,0,3,1,0,429																									
Rictusxx,0,4,1,0,152																									
Verenix,6,23,4,11,1388																									
Dephylr,2,10,4,7,881																									
Morticia Mellian,2,11,2,4,1303																									
Potato lobster,3,13,4,9,1604																									
Custom Gaming Chair,6,11,8,13,2892																									
nuttyrat,2,11,2,2,1117																									
Rabbid0Squirrel,1,13,0,5,885																									
Deadfire,0,3,0,0,117																									
Spectre29th,1,8,0,1,357																									
Odin Steele,4,18,8,9,2379																									
DarklightCA,1,15,1,7,1384																									
Salted Saury,2,3,2,8,652																									
Kageru Ikazuchi,6,12,2,13,1160																									
T0furk3y,6,15,4,14,1177																									
Jormangunder,1,15,3,7,2044																									
Spheroid,3,12,1,8,1556																									
Vesor,0,9,0,2,1110																									
VaMPHuNT,5,15,6,14,2127																									
Tropico_Thunder,3,15,3,9,1196																									
vaultdrifter,0,7,1,1,615																									
BogartTheStingy,0,1,0,2,373																									
Darkstrand,5,19,5,16,2292																									
Necrofury,3,5,2,6,1464																									
FRO420,0,6,0,2,463																									
T e c h 4 9,2,21,5,4,1612																									
Crypto OKI,0,4,1,3,1017																									
Hammer 13,3,14,2,6,1421																									
THOR 2-0,6,12,0,9,910																									
Malystryx VoF,2,17,5,9,1632																									
Cpt SiLK,5,3,4,10,1142																									
LAHIRE,3,6,3,9,2493																									
Dr34dn0ugh7,2,8,2,4,882																									
StoneTempleCopilot,2,1,1,5,1146																									
Zelnayga,0,11,0,2,1050																									
giggitygiggitygoo,3,6,5,8,1085																									
Initializr,0,11,5,2,1303																									
ENDMYSUFFERING,0,7,0,1,651																									
WhiteEyas,1,22,3,5,1621																									
S Q U E E B S,0,9,0,0,654																									
J a y,1,5,3,10,1787																									
RJF Daniel,11,15,9,28,2638																									
Pelmeshek,2,21,2,2,1634																									
Arnetheus,2,12,3,7,1325																									
SHD2,0,0,0,1,95																									
noble_rat,3,18,2,6,1390																									
Neil Diamond,0,2,0,2,668																									
Solovey Razbounik,6,20,2,16,1753																									
Schonnes,3,7,1,10,833																									
Locusts,2,5,3,4,1173																									
-A C E-,1,7,2,3,894																									
Paradox42,7,21,9,17,2230																									
Mangoba,5,4,2,12,1236																									
Dr Cara Carcass,3,23,2,8,1579																									
JohnyBlack,7,22,9,15,2441																									
VladimirTepes,0,0,0,0,297																									
Dubious Squirrel,5,22,2,13,1254																									
MrSpacerat,5,24,4,12,2116																									
Isaiah Kell,0,9,2,1,1017																									
CenterMass,1,7,0,2,1084																									
Painsucker,2,21,4,4,884																									
AnniMattR,0,6,0,0,470																									
Geckozattack,0,2,0,0,445																									
Takarias,2,22,3,5,1739																									
bailian,0,15,0,2,587																									
Guillocuda,5,22,5,9,1999																									
Jump Gunnington,2,10,1,5,596																									
falcon2b1,1,10,4,5,1191																									
The Testiclops,4,12,5,15,2913																									
Nisk,8,15,12,17,2148																									
WayOwenZ,7,6,2,12,1675																									
KH Slaine,2,13,1,4,1392																									
ResidentCloakingCommie,8,21,6,13,1733																									
Molachai,1,14,1,2,1248																									
charbdys,1,12,3,2,1562																									
Ferrous Idaho,2,26,2,7,1136																									
Lusankya,6,15,5,11,1867																									
thatoneBALDguy,0,3,2,1,638																									
Jango  Fett,4,15,1,13,1554																									
alphieus,3,13,4,7,1087																									
-Awesomeguyzzz-,0,19,4,6,1943																									
Thilas,1,18,1,2,1083																									
KingJ00,2,4,0,4,361																									
LadyWolfe143,6,13,4,14,2004																									
MitsuRed,1,16,1,1,838																									
Shaky Snake,1,14,4,2,1575																									
Leve198777 Thy Potato Pope,6,14,4,17,2059																									
Monk Gyatso,1,4,0,1,114																									
justcallme A S H,5,18,6,13,2838																									
Lil Buddy,3,14,2,7,1169																									
CatznDogz,1,19,5,6,1442																									
IceBaneQ,1,5,0,3,239																									
Dephylr,1,5,2,1,648																									
Titus Q,0,15,0,0,726																									
Flynn Hasek,7,13,3,11,1328																									
nuttyrat,1,11,6,10,1936																									
PrometheusTNO,5,11,3,11,1377																									
Amarok_,3,18,4,8,1884																									
Odin Steele,4,14,5,11,1931																									
T0furk3y,6,13,2,12,1273																									
Herod,0,14,4,0,1672																									
Shade 03,3,16,5,13,2068																									
Morticia Mellian,0,9,0,0,877																									
DarklightCA,4,13,3,7,1843																									
Deadfire,0,1,0,2,96																									
Gooodnight,2,14,3,4,1237																									
Kageru Ikazuchi,2,15,1,3,1320																									
Darktemplar114,0,2,0,0,180																									
Amagibestfox,2,12,3,9,1503																									
Monsoon Cloudburst,3,11,1,5,1685																									
Xyco,6,6,4,15,1504																									
Kurayami88,0,11,0,0,952																									
slice22358,6,22,4,10,1503																									
Ryder60,4,25,8,10,2765																									
Xoury,3,23,5,12,1245																									
EmbarRassing,9,19,5,21,2030																									
Surn,3,26,5,14,2371																									
Dithiolium,2,11,3,10,1500																									
The Blood Eagle,3,26,4,8,1372																									
Vampyreq,0,13,2,4,1567																									
OutlawHunter,3,14,3,9,1053																									
Katastrophy Kid,8,17,7,16,1871																									
StrikerX22,0,1,0,1,318																									
Sevronis,1,27,4,4,2264																									
SavaShip,1,4,0,1,746																									
devpty0,0,5,0,0,296																									
Griffster,1,14,1,1,1235																									
Nemesis357,6,17,4,12,1569																									
GIJimmy41,4,2,0,8,1420																									
JFrIend,0,7,1,2,495																									
FailMK,0,0,0,0,631																									
j rock,1,10,3,2,550																									
Verenix,5,23,5,12,1586																									
BlueDevilspawn,4,24,5,15,2221																									
Blacktack,1,10,1,5,791																									
Rhavii,1,11,3,1,1517																									
Quantum Rahl,1,0,0,3,495																									
Feezou,3,8,4,8,1618																									
Ranger Dave,0,10,1,2,1165																									
Sean Kerenskov,3,10,1,5,1965																									
CanadianCyrus,2,10,4,2,530																									
Tasreaper,0,11,2,4,1153																									
Plato J,1,10,0,5,345																									
Stewn,1,11,0,4,1184																									
Punchus,4,7,5,10,1282																									
Jaiddin,2,5,1,3,269																									
Shaze Darkflame,2,8,1,4,433																									
Lief Kynes,1,16,1,2,831																									
Hiroler_77,2,8,3,3,734																									
IndgoMan,2,12,2,3,825																									
Hatepriest,5,6,4,10,1691																									
Yuntow,3,20,5,12,1574																									
07th ZaIn,6,7,5,11,1149																									
Zonaron8,1,12,2,4,1206																									
Sorter76,3,11,2,7,1114																									
Poly Cat,5,18,0,10,735																									
Jon McFuzzy,0,5,1,3,997																									
Nikoro Doomguard,1,3,0,3,1257																									
GROLSCH,1,23,4,3,1671																									
Yorshka,4,2,4,14,1851																									
TheUltimateGhost,8,20,7,21,2199																									
Ghogiel,5,21,6,10,1724																									
steelwater,1,1,0,2,386																									
GeeRam,10,19,8,16,2861																									
Capn Cat,0,6,0,1,620																									
Rathnor1,0,4,1,0,815																									
PeteZonee,1,6,1,4,1415																									
lolbbq,0,1,0,0,435																									
Knivezs,0,1,0,3,371																									
D A T A,1,23,5,4,1670																									
ApostleBerk,0,5,0,0,694																									
Greyfoxx,3,7,2,8,1457																									
Kralizec242,0,2,0,0,118																									
Itsalrightwithme,3,7,2,13,1050																									
Gadolinium64,2,8,3,6,1247																									
CptJudas,0,18,4,3,1032																									
Black Caiman,2,9,0,2,663																									
GoodTry,6,17,2,10,1067																									
Therax,4,8,2,7,656																									
PepsiGoose,2,8,2,5,1814																									
NinjaFusion,0,1,0,0,99																									
Carlson,0,2,0,0,43																									
Vindicated,4,11,1,9,1146																									
dachad,1,5,0,1,332																									
Star  Dust,0,7,2,2,793																									
madcat3050,1,16,3,5,903																									
___,7,20,10,17,2618																									
Metafox,2,3,2,5,658																									
unFearing,2,25,4,6,1889																									
General Saffire,1,3,0,3,412																									
ArkonEnt,3,7,1,8,642																									
StuffYouFear,2,13,2,4,576																									
beerions,1,1,1,3,591																									
Davohax,0,5,1,1,701																									
Revostae,3,12,3,13,947																									
trans catgirl,2,4,3,5,896																									
JeMaKat,0,2,0,1,730																									
kodiakbs,0,11,0,1,420																									
Kokurai,5,11,5,12,1415																									
MiniCeleste,0,3,0,2,906																									
4A 4F 54 41,3,2,1,5,499																									
The Legend of Kelda,6,16,5,11,1371																									
Not Bob,4,26,9,8,2651																									
Perichrone,0,5,0,1,861																									
Zuul the Burninator,3,27,3,9,1710																									
Belorion,0,10,1,1,335																									
Bawdyknocker,1,3,0,1,641																									
RatbiGo,2,4,2,4,819																									
ShadowGamer24,0,1,0,2,303																									
I O O percent KongLord,1,10,1,2,826																									
Bows3r,2,8,3,6,957																									
pogularchampion,2,8,2,3,533																									
P A S H A,0,2,0,2,1002																									
Xioz,0,0,0,0,291																									
bear_cl4w,0,2,1,0,443																									
Texan Scrub Lord,3,8,1,8,629																									
Stimraug,0,11,0,1,337																									
Kiran Yagami,0,2,0,1,939																									
WeaponMasterX,0,2,0,0,306																									
Nuclear Weapon,0,2,1,3,557																									
Temuedschin40,3,8,4,5,1290																									
Navid A1,2,0,0,3,393																									
Buster Machine 0,6,18,7,11,1998																									
Initializr,5,13,3,11,1519																									
Samuli Salonen,5,19,4,8,1191																									
RJF Daniel,3,12,3,5,1243																									
jamesbombed00420,6,9,1,16,868																									
Arnetheus,5,13,4,6,1559																									
Tiy0s,3,18,7,6,1920																									
Aivazovsky,0,16,4,3,1115																									
Pls Boku my Pico Onii-Chan UwU,1,11,4,4,1174																									
CarbonFire,1,19,0,4,1212																									
noble_rat,5,12,1,10,1167																									
Yamete Kudasai Onee-sama,3,16,2,8,1080																									
Solovey Razbounik,0,16,3,3,1455																									
JFrIend,1,5,0,1,214																									
StrikerX22,1,5,1,1,355																									
Feezou,4,12,5,13,1730																									
GIJimmy41,2,11,5,4,1537																									
j rock,2,8,1,5,872																									
Rhavii,4,18,6,8,2228																									
CanadianCyrus,1,9,0,2,130																									
SavaShip,1,8,0,4,903																									
Plato J,0,10,2,2,723																									
Delphox12,1,0,0,2,206																									
Shaze Darkflame,2,3,0,2,515																									
Blu Doe 1973,1,5,0,2,283																									
Quantum Rahl,1,12,0,1,417																									
Lief Kynes,2,9,2,5,1307																									
Hiroler_77,1,9,0,1,904																									
IndgoMan,3,4,3,4,483																									
Blacktack,2,12,3,4,1130																									
devpty0,0,9,0,0,335																									
_Samurai_Prince_Jeikobu_Kurita_,0,9,0,1,715																									
Mono Lithian,0,3,1,1,159																									
Yuntow,3,14,1,6,1718																									
07th ZaIn,3,2,1,4,975																									
Zonaron8,1,6,2,3,871																									
Sorter76,1,6,6,8,1657																									
General Saffire,0,4,0,0,685																									
Davohax,2,2,2,7,1221																									
beerions,1,3,1,3,699																									
Takarias,0,15,4,2,1126																									
bailian,1,4,1,2,173																									
JeMaKat,0,2,1,1,482																									
Guillocuda,3,25,9,8,2102																									
Jump Gunnington,6,18,5,14,1869																									
BryanFerry,0,6,0,0,190																									
Nisk,7,17,5,14,2038																									
MiniCeleste,2,3,0,4,1407																									
ResidentCloakingCommie,4,13,1,7,1138																									
Perichrone,0,2,0,0,785																									
Bawdyknocker,0,4,0,3,1053																									
RatbiGo,0,4,2,1,898																									
Ferrous Idaho,2,9,3,4,802																									
Kamikaze Viking,6,15,2,8,1282																									
StuffYouFear,0,3,0,0,166																									
M E M E M A C H I N E,1,8,3,2,987																									
CenterMass,1,11,2,5,999																									
Belorion,0,8,0,0,715																									
Isaiah Kell,3,20,6,8,3149																									
Alex545,4,13,3,7,1266																									
Ktula Matata,1,6,1,1,511																									
Locusts,4,19,2,11,1242																									
ArkonEnt,1,5,0,1,214																									
4A 4F 54 41,1,5,0,1,383																									
Calon Farstar,0,6,1,2,244																									
-A C E-,3,15,0,8,682																									
Not Bob,3,13,6,4,2202																									
Mangoba,2,26,6,9,1902																									
kodiakbs,0,1,0,0,17																									
Arthen00,8,19,7,19,2166																									
DeRanged87,6,15,4,14,1330																									
The Legend of Kelda,4,10,3,7,1477																									
Geckozattack,2,9,2,2,1024																									
Hotshot29,0,8,2,3,1479																									
cranect,5,20,6,14,1866																									
Gan2441,2,22,1,2,1707																									
The Testiclops,3,6,3,7,2139																									
Bakey,0,1,0,2,667																									
WayOwenZ,1,8,0,1,1023																									
KH Slaine,3,6,1,6,1469																									
Molachai,0,4,0,1,642																									
AndiMech,8,15,7,12,2411																									
Greywulf1,2,7,2,5,618																									
That Mech,3,20,5,6,2319																									
minist3r,3,18,1,7,1154																									
HellsDog,2,10,3,4,980																									
charbdys,1,8,3,3,1040																									
OutlawHunter,0,0,0,0,265																									
Katastrophy Kid,3,1,1,5,377																									
SirHavan,2,7,3,5,531																									
Sevronis,1,7,3,6,1484																									
The Blood Eagle,3,4,2,4,494																									
Xoury,2,12,1,4,997																									
LordSkyKnight,1,4,2,1,1997																									
Nemesis357,0,10,0,0,559																									
Surn,3,20,5,7,2125																									
The Lord Weird Slough Feg,0,8,1,0,704																									
Ryder60,2,24,5,10,2228																									
Verenix,2,7,1,4,637																									
BlueDevilspawn,0,9,0,4,1496																									
slice22358,3,17,1,5,691																									
Throe,2,21,5,6,1784																									
EmbarRassing,11,11,6,20,1808																									
Wobbly,5,21,5,15,1657																									
R1ghty0th3n,6,10,3,13,1052																									
Matmoesa,4,24,7,6,1741																									
Sean Kerenskov,3,4,2,8,1236																									
Smegbot,3,17,1,4,1124																									
Faek,1,6,3,2,467																									
The Lurk,2,17,1,3,1121																									
Ranger Dave,1,5,0,4,668																									
Tasreaper,2,6,3,5,1031																									
Wilthanan,0,8,0,1,1053																									
SlightlyMobileTurret,4,18,7,12,1963																									
Punchus,2,6,1,4,965																									
Stewn,0,7,3,3,1888																									
Shotgunfist,4,13,2,8,1265																									
STORM BANDIT,2,7,1,8,1402																									
Tropico_Thunder,4,23,2,10,1094																									
FiveDay,1,8,2,2,957																									
Darkstrand,8,18,3,16,1788																									
T e c h 4 9,1,26,2,2,1331																									
Floybin,0,8,0,1,538																									
Psychedelic Dragon Fury,2,7,1,7,1228																									
Hammer 13,5,21,8,7,2417																									
Raythe 71,3,7,4,6,1652																									
Icetrack,2,7,2,9,1783																									
Malystryx VoF,7,22,9,19,2646																									
Chatty,5,19,6,7,2045																									
Poly Cat,1,4,1,3,612																									
GROLSCH,2,9,4,4,1391																									
TheUltimateGhost,0,7,0,0,608																									
Saikyou,1,10,0,2,290																									
Ghogiel,1,5,0,1,787																									
Xioz,2,16,4,3,970																									
DargorA7X,2,8,3,8,1331																									
GeeRam,4,10,3,5,1557																									
bear_cl4w,3,21,2,5,1472																									
Kiran Yagami,1,21,4,3,1503																									
WeaponMasterX,4,19,5,5,1839																									
misanthrop0815,1,4,0,1,140																									
Krasnopesky,1,10,1,6,1337																									
Jiffy,10,8,6,19,1759																									
Navid A1,3,17,4,11,1150																									
D A T A,3,11,3,6,1390																									
Jon McFuzzy,4,10,4,13,1838																									
Nikoro Doomguard,1,11,2,7,1195																									
stoolsoftener,1,5,1,3,412																									
StoneTempleCopilot,3,10,2,3,1049																									
Dr34dn0ugh7,3,17,1,11,945																									
giggitygiggitygoo,5,17,4,15,2218																									
FDLR1150,2,6,2,3,970																									
steelwater,3,11,1,7,1267																									
Capn Cat,3,10,1,11,1555																									
Rathnor1,2,14,4,7,1558																									
ENDMYSUFFERING,2,7,2,6,862																									
J a y,2,20,5,4,1895																									
S Q U E E B S,1,9,1,1,498																									
PeteZonee,2,13,4,4,1630																									
lolbbq,0,4,1,5,965																									
Schonnes,2,13,3,6,1090																									
IndgoMan,0,2,1,0,429																									
Zonaron8,0,9,1,1,489																									
The Blood Eagle,3,17,3,8,1627																									
Sorter76,3,5,2,5,722																									
Yuntow,5,12,4,12,1307																									
Xoury,1,15,0,4,831																									
Surn,3,9,2,7,1383																									
The Lord Weird Slough Feg,0,8,2,1,910																									
Ryder60,5,15,3,14,1928																									
Plato J,1,11,1,2,512																									
_Samurai_Prince_Jeikobu_Kurita_,0,0,0,0,136																									
Shaze Darkflame,1,10,1,4,933																									
Taeryr,2,6,5,7,994																									
Lief Kynes,3,14,1,4,1211																									
07th ZaIn,1,6,0,3,260																									
CanadianCyrus,1,7,1,6,768																									
Throe,4,16,6,16,2572																									
EmbarRassing,4,15,4,8,1977																									
SlightlyMobileTurret,11,15,7,21,2628																									
JFrIend,1,9,1,3,664																									
StrikerX22,0,6,0,1,259																									
JaggedCrane,2,11,4,7,1262																									
Matmoesa,3,21,4,7,1648																									
Feezou,6,6,7,17,1053																									
GIJimmy41,0,7,0,0,909																									
j rock,0,8,0,2,489																									
Mossop,2,11,1,6,826																									
Rhavii,4,13,3,8,2446																									
SavaShip,0,1,0,0,207																									
The Lurk,2,20,3,4,1260																									
FailMK,2,6,3,2,1476																									
Delphox12,2,1,1,6,435																									
Shotgunfist,0,21,1,2,892																									
Quantum Rahl,0,10,0,1,527																									
Wobbly,2,13,3,4,1414																									
Smegbot,4,13,4,14,1553																									
Blacktack,1,9,1,3,949																									
Mono Lithian,0,3,1,0,168																									
Gan2441,6,20,2,9,1671																									
HellsDog,1,13,6,10,2356																									
RatbiGo,1,8,0,7,967																									
cranect,3,16,3,7,1108																									
That Mech,0,25,2,2,1754																									
Bawdyknocker,1,8,0,3,1245																									
JeMaKat,0,7,1,1,945																									
General Saffire,2,5,4,6,1086																									
AndiMech,11,15,12,29,2848																									
Greywulf1,1,10,1,2,199																									
MiniCeleste,0,6,1,3,1182																									
minist3r,3,13,0,7,1047																									
trans catgirl,2,1,2,4,956																									
Perichrone,0,2,1,0,485																									
Davohax,0,9,0,1,869																									
Locusts,0,14,1,2,1045																									
-A C E-,2,11,5,3,1032																									
Takarias,3,19,4,8,1676																									
Guillocuda,6,20,8,9,2166																									
Jump Gunnington,7,16,3,12,1482																									
Nisk,6,17,6,12,2245																									
Isaiah Kell,1,12,2,6,1616																									
Sailor Jerry,2,9,2,6,1499																									
CenterMass,4,9,4,12,1449																									
ResidentCloakingCommie,1,10,1,1,496																									
Arthen00,3,11,0,5,1210																									
AnniMattR,0,4,1,1,457																									
Geckozattack,2,6,2,5,1100																									
Ferrous Idaho,4,15,3,8,900																									
Kamikaze Viking,0,19,2,1,971																									
Nikoro Doomguard,3,14,3,7,1204																									
Yorshka,2,12,4,9,1604																									
Tekkadan Bux,6,15,4,13,1872																									
Capn Cat,4,15,2,5,1490																									
Rathnor1,2,9,2,10,985																									
Samuli Salonen,4,17,1,7,1527																									
PeteZonee,2,16,5,5,2720																									
lolbbq,0,8,1,0,524																									
jamesbombed00420,0,12,0,0,397																									
Tiy0s,3,12,4,10,1921																									
Knivezs,4,10,2,8,1061																									
Pls Boku my Pico Onii-Chan UwU,2,20,4,9,2144																									
CarbonFire,6,17,9,12,2241																									
Yamete Kudasai Onee-sama,1,14,1,4,868																									
OutlawHunter,0,11,1,3,1012																									
Monsoon Cloudburst,3,17,3,12,2378																									
Katastrophy Kid,0,10,2,1,1186																									
Amagibestfox,4,16,5,8,2287																									
SirHavan,2,11,1,5,574																									
mr bear,2,8,1,7,839																									
Sevronis,1,18,4,5,1302																									
Xyco,3,16,3,6,1675																									
Griffster,1,1,0,1,359																									
LeadPiranha,2,7,3,5,1320																									
Nemesis357,2,16,3,7,1416																									
aserifin,0,2,0,0,247																									
Vampyreq,3,13,4,6,1085																									
Verenix,8,9,4,12,1861																									
BlueDevilspawn,4,15,3,9,1456																									
Kurayami88,2,16,3,8,1758																									
Bonson,0,6,1,0,433																									
StoneTempleCopilot,2,10,3,5,680																									
Dr34dn0ugh7,2,7,2,6,577																									
Zelnayga,0,7,1,2,894																									
P A S H A,3,9,4,5,989																									
giggitygiggitygoo,0,11,2,1,659																									
dario03,4,2,1,5,417																									
FDLR1150,2,5,2,4,1087																									
Xioz,3,8,4,6,637																									
ENDMYSUFFERING,1,7,1,4,956																									
bear_cl4w,2,16,4,10,1590																									
S Q U E E B S,3,6,0,3,327																									
J a y,2,6,1,5,739																									
Kiran Yagami,5,19,7,19,2014																									
WeaponMasterX,1,16,1,3,924																									
Nuclear Weapon,1,5,0,2,342																									
Jiffy,0,18,0,0,645																									
Navid A1,4,18,2,8,1214																									
I O O percent KongLord,4,21,5,12,1659																									
Poly Cat,3,4,1,6,858																									
pogularchampion,2,24,6,8,1481																									
Bows3r,6,21,2,13,1472																									
GROLSCH,1,5,0,1,1308																									
TheUltimateGhost,2,2,1,4,514																									
Ghogiel,2,8,3,3,1477																									
DargorA7X,1,7,0,5,1383																									
GeeRam,1,7,2,2,1554																									
Texan Scrub Lord,4,24,6,7,1562																									
Stimraug,7,20,5,11,1744																									
Temuedschin40,5,22,5,9,2244																									
D A T A,0,9,3,5,1796																									